vin,year,make,model,trim,type,damage,price,odometer,lot,date,location,state,source,repair_cost,url,matched_url,price_source
3VWDP7AJ4DM358666,2013,Volkswagen,Jetta Se Vin: 3Vwdp7Aj4Dm358666,,Coupe,Front End,850,9270 mi,,14.12.2016,,,Copart,,,,
[PREMIUM],2020,Mercedes-Benz,Glc-Class,300,SC,Front End,0,9195,97510485,2026-04-15,CA - MENTONE,CA,,26717.0,[PREMIUM],,
[PREMIUM],2018,Mercedes-Benz,C-Class,300,SC,Rear End,0,71305,79949555,,CA - MENTONE,CA,,12529.0,[PREMIUM],,
[PREMIUM],2025,Honda,Civic,SPORT,SC,Rear End,0,15825,79456945,2026-04-15,CA - MENTONE,CA,,22522.0,[PREMIUM],,
[PREMIUM],2017,Audi,Q7,PRESTIGE,SC,Burn - Engine,0,87219,79239735,,CA - MENTONE,CA,,0.0,[PREMIUM],,
[PREMIUM],2023,Ford,Mustang,SELECT,SC,Front End,0,93285,78670385,,CA - MENTONE,CA,,22047.0,[PREMIUM],,
[PREMIUM],2019,Volkswagen,Jetta,S,SC,Front End,0,130299,78364385,,CA - MENTONE,CA,,8424.0,[PREMIUM],,
[PREMIUM],2023,Hyundai,Tucson,SEL,SC,Rear End,0,25972,78107065,,CA - MENTONE,CA,,0.0,[PREMIUM],,
[PREMIUM],2015,Volkswagen,Jetta,BASE,SC,Undercarriage,0,141607,76987485,,CA - MENTONE,CA,,4704.0,[PREMIUM],,
[PREMIUM],2016,Kia,Soul,+,DY,Mechanical,0,149678,75704305,2026-04-22,CA - MENTONE,CA,,0.0,[PREMIUM],,
[PREMIUM],2023,Nissan,Rogue,SL,SC,Front End,0,104036,75414265,,CA - MENTONE,CA,,18521.0,[PREMIUM],,
[PREMIUM],2020,Hyundai,Elantra,SEL,SC,Front End,0,103988,75311105,,CA - MENTONE,CA,,11408.0,[PREMIUM],,
[PREMIUM],2024,Honda,Crv,SPORT-L,SC,Front End,0,23417,74382845,,CA - MENTONE,CA,,26564.0,[PREMIUM],,
[PREMIUM],2018,Hyundai,Elantra,VALUE EDITION,SC,Rear End,0,157857,48251786,2026-04-15,CA - MENTONE,CA,,9993.0,[PREMIUM],,
[PREMIUM],2015,Kia,Optima,LX,SC,Rear End,0,173927,48170966,2026-04-15,CA - MENTONE,CA,,6938.0,[PREMIUM],,
[PREMIUM],2023,Cadillac,Xt5,PREMIUM LUXURY,SC,Front End,0,43779,47773946,2026-04-15,CA - MENTONE,CA,,20937.0,[PREMIUM],,
[PREMIUM],2025,Toyota,Camry,SE,SC,Front End,0,80116,41838456,,CA - MENTONE,CA,,0.0,[PREMIUM],,
[PREMIUM],2017,Honda,Accord,SPORT SPECIAL EDITION,SC,Front End,0,132436,78852885,2026-04-17,CA - REDDING,CA,,12266.0,[PREMIUM],,
[PREMIUM],2023,Honda,Civic,SPORT,SC,Front End,0,41189,77837465,2026-04-17,CA - REDDING,CA,,23988.0,[PREMIUM],,
[PREMIUM],2022,Hyundai,Santa Cruz,SE,CD,Rear End,0,31541,78185825,2026-04-17,CA - REDDING,CA,,36784.0,[PREMIUM],,
[PREMIUM],2021,Tesla,Model 3,,AC,Front End,0,42022,49272756,2026-04-24,CA - REDDING,CA,,0.0,[PREMIUM],,
[PREMIUM],2017,Toyota,Tundra,TRD PRO,SC,Front End,0,0,46046846,,CA - REDDING,CA,,0.0,[PREMIUM],,
[PREMIUM],2020,Mercedes-Benz,Gle-Class,350 4MATIC,SC,Front End,0,101444,41985706,2026-04-17,CA - REDDING,CA,,30252.0,[PREMIUM],,
[PREMIUM],2023,Gmc,Sierra,K1500 ELEVATION,SC,Front End,0,20316,41754986,,CA - REDDING,CA,,24490.0,[PREMIUM],,
[PREMIUM],2025,Mercedes-Benz,Cla-Class,250,SC,Undercarriage,0,1944,66960285,2026-04-09,CA - RANCHO CUCAMONGA,CA,,32018.0,[PREMIUM],,
[PREMIUM],2015,Nissan,Sentra,S,SC,Front End,0,94162,64475145,,CA - RANCHO CUCAMONGA,CA,,8661.0,[PREMIUM],,
[PREMIUM],2018,Tesla,Model S,,SC,Front End,0,70827,86253355,2026-04-10,CA - SAN DIEGO,CA,,7474.0,[PREMIUM],,
[PREMIUM],2023,Kia,Ev6 Gt-Lin,GT-LINE,SC,Side,0,57448,79781425,2026-04-15,CA - MENTONE,CA,,23822.0,[PREMIUM],,
[PREMIUM],2018,Mercedes-Benz,E-Class,300,SC,Rear End,0,74833,77942995,2026-04-15,CA - MENTONE,CA,,20803.0,[PREMIUM],,
[PREMIUM],2019,Audi,Q5,PREMIUM PLUS,SC,Front End,0,136134,77244495,2026-04-22,CA - MENTONE,CA,,0.0,[PREMIUM],,
[PREMIUM],2019,Honda,Civic,SPORT,SC,All Over,0,0,74484835,2026-04-08,CA - MENTONE,CA,,0.0,[PREMIUM],,
[PREMIUM],2020,Hyundai,Elantra Va,VALUE EDITION,SC,Rear End,0,134177,48705546,2026-04-15,CA - MENTONE,CA,,15625.0,[PREMIUM],,
[PREMIUM],2016,Nissan,Altima,2.5 SV,DV,Minor Dent/Scratches,0,174695,48498616,2026-04-22,CA - MENTONE,CA,,0.0,[PREMIUM],,
[PREMIUM],2019,Nissan,Rogue,S,SC,Front End,0,65173,48512446,2026-04-15,CA - MENTONE,CA,,16207.0,[PREMIUM],,
[PREMIUM],2019,Ford,All Models,,SC,Front End,0,35700,47909066,,CA - MENTONE,CA,,11467.0,[PREMIUM],,
[PREMIUM],2018,Kia,Sorento,LX,DV,Mechanical,0,129224,47595326,2026-04-22,CA - MENTONE,CA,,0.0,[PREMIUM],,
[PREMIUM],2026,Toyota,Corolla,SE,SC,Rollover,0,739,79833585,2026-04-15,CA - MENTONE,CA,,27269.0,[PREMIUM],,
[PREMIUM],2021,Toyota,Rav4,XLE,SC,Front End,0,131448,46527636,2026-04-15,CA - MENTONE,CA,,22541.0,[PREMIUM],,
[PREMIUM],2022,Chevrolet,Equinox,LS,SC,Front End,0,73856,46199776,2026-04-22,CA - MENTONE,CA,,15549.0,[PREMIUM],,
[PREMIUM],2016,Lexus,Gs350,BASE,SC,Front End,0,192037,45447836,2026-04-22,CA - MENTONE,CA,,21052.0,[PREMIUM],,
[PREMIUM],2022,Toyota,Corolla Cr,LE,SC,Front End,0,14502,42000746,,CA - MENTONE,CA,,17899.0,[PREMIUM],,
[PREMIUM],2018,Mini,Cooper,CLUBMAN,SC,Front End,0,85281,41582696,2026-04-15,CA - MENTONE,CA,,8894.0,[PREMIUM],,
[PREMIUM],2020,Subaru,Wrx,PREMIUM,SC,Rear End,0,37040,97982505,,CA - REDDING,CA,,15722.0,[PREMIUM],,
[PREMIUM],2025,Mazda,Cx30,PREMIUM,SC,Front End,0,17184,48173946,2026-04-17,CA - REDDING,CA,,27787.0,[PREMIUM],,
[PREMIUM],2018,Buick,Encore,PREFERRED,DV,Minor Dent/Scratches,0,69564,47770496,2026-04-10,CA - REDDING,CA,,0.0,[PREMIUM],,
[PREMIUM],2016,Ford,Edge,SEL,SH,Front End,0,143299,47025486,2026-04-10,CA - REDDING,CA,,6428.0,[PREMIUM],,
[PREMIUM],2016,Toyota,Tacoma,TRD SPORT,SC,Front End,0,44394,46500396,,CA - REDDING,CA,,29300.0,[PREMIUM],,
[PREMIUM],2018,Nissan,Sentra,SV,SC,Front End,0,100770,79946555,2026-04-15,CA - MENTONE,CA,,7935.0,[PREMIUM],,
[PREMIUM],2022,Subaru,Crosstrek,LIMITED,SC,Rollover,0,126441,79641655,2026-04-15,CA - MENTONE,CA,,36570.0,[PREMIUM],,
[PREMIUM],2018,Cadillac,Xt5,LUXURY,SC,Front End,0,68344,48174306,2026-04-22,CA - MENTONE,CA,,15397.0,[PREMIUM],,
[PREMIUM],2016,Hyundai,Sonata,LIMITED,SC,Side,0,119281,46052086,2026-04-15,CA - MENTONE,CA,,9708.0,[PREMIUM],,
[PREMIUM],2020,Hyundai,Veloster,TURBO R-SPEC,SC,Side,0,138182,45801346,2026-04-15,CA - MENTONE,CA,,12201.0,[PREMIUM],,
[PREMIUM],2017,Honda,Civic,LX,SC,Front End,0,112782,46360676,2026-04-08,CA - MENTONE,CA,,12513.0,[PREMIUM],,
[PREMIUM],2023,Lexus,Es300,BASE,SC,Front End,0,45162,95020715,2026-04-13,CA - ADELANTO,CA,,25735.0,[PREMIUM],,
[PREMIUM],2019,Subaru,Wrx,STI LIMITED,SC,Front End,0,0,72282195,2026-04-13,CA - ADELANTO,CA,,31628.0,[PREMIUM],,
[PREMIUM],2018,Polaris,Rzrxp41000,,SC,Rear End,0,1379,72874875,2026-04-23,CRASHEDTOYS POWERSPORT AUCTION,CA,,9720.0,[PREMIUM],,
[PREMIUM],2023,Kia,Forte,LXS,SC,Rear End,0,42017,45457396,2026-04-13,CA - ADELANTO,CA,,13264.0,[PREMIUM],,
[PREMIUM],2020,Toyota,Highlander,HYBRID LIMITED,SC,Side,0,254717,95519675,2026-04-09,CA - NAPA,CA,,18347.0,[PREMIUM],,
[PREMIUM],2025,Tesla,Model Y,,SC,Rear End,0,3569,84231255,2026-04-09,CA - NAPA,CA,,33000.0,[PREMIUM],,
[PREMIUM],2024,Bmw,All Other,EDRIVE 35,SC,Rear End,0,22983,78649075,2026-04-09,CA - NAPA,CA,,29930.0,[PREMIUM],,
[PREMIUM],2017,Toyota,Corolla,LE,SC,Rear End,0,73079,77733415,2026-04-09,CA - NAPA,CA,,11512.0,[PREMIUM],,
[PREMIUM],2018,Chevrolet,Tahoe,K1500 LT,SC,Front End,0,54476,46359366,2026-04-16,CA - NAPA,CA,,24057.0,[PREMIUM],,
[PREMIUM],2024,Lexus,Rc350,F SPORT,SC,Rear End,0,9365,78867705,2026-04-10,CA - LONG BEACH,CA,,33257.0,[PREMIUM],,
[PREMIUM],2025,Honda,Passport,TRAIL SPORT,SC,Rear End,0,22384,78225435,2026-04-10,CA - LONG BEACH,CA,,32683.0,[PREMIUM],,
[PREMIUM],2019,Subaru,Crosstrek,PREMIUM,SC,Side,0,32019,77812055,2026-04-10,CA - LONG BEACH,CA,,17719.0,[PREMIUM],,
[PREMIUM],2019,Hyundai,Ioniq,BLUE,SC,Rear End,0,194198,76216655,2026-04-22,CA - LONG BEACH,CA,,12982.0,[PREMIUM],,
[PREMIUM],2019,Kia,Optima,LX,SC,Vandalism,0,0,74837325,2026-04-08,CA - LONG BEACH,CA,,19667.0,[PREMIUM],,
[PREMIUM],2017,Jaguar,Xe,,SC,Front End,0,102998,47028756,2026-04-10,CA - LONG BEACH,CA,,9438.0,[PREMIUM],,
[PREMIUM],2016,Chrysler,200,LIMITED,SC,Front End,0,141445,46235186,2026-04-08,CA - LONG BEACH,CA,,10295.0,[PREMIUM],,
[PREMIUM],2024,Toyota,Tundra,CREWMAX LIMITED,SC,Vandalism,0,38581,74137395,2026-04-13,CA - SUN VALLEY,CA,,31644.0,[PREMIUM],,
[PREMIUM],2016,Lexus,Es300,,CT,Minor Dent/Scratches,0,100919,72364205,,CA - SUN VALLEY,CA,,1000.0,[PREMIUM],,
[PREMIUM],2023,Honda,Civic,SI,SC,Front End,0,75176,47786406,2026-04-13,CA - SUN VALLEY,CA,,22104.0,[PREMIUM],,
[PREMIUM],2016,Kia,Optima,LX,SC,Normal Wear,0,132328,47240686,2026-04-13,CA - SUN VALLEY,CA,,10592.0,[PREMIUM],,
[PREMIUM],2015,Honda,Fit,LX,SC,Front End,0,112644,46496576,,CA - SUN VALLEY,CA,,10060.0,[PREMIUM],,
[PREMIUM],2024,Subaru,Outback,PREMIUM,SC,Front End,0,16935,45948096,2026-04-13,CA - SUN VALLEY,CA,,23203.0,[PREMIUM],,
[PREMIUM],2016,Porsche,Cayenne,SE HYBRID,SC,Front End,0,126641,45791556,2026-04-13,CA - SUN VALLEY,CA,,11416.0,[PREMIUM],,
[PREMIUM],2022,Tesla,Model Y,,SC,Front End,0,0,45722896,2026-04-13,CA - SUN VALLEY,CA,,23441.0,[PREMIUM],,
[PREMIUM],2022,Toyota,Corolla,LE,SC,Front End,0,76148,41797456,2026-04-13,CA - SUN VALLEY,CA,,15058.0,[PREMIUM],,
[PREMIUM],2019,Ford,Fusion,TITANIUM,SC,Front End,0,38158,41611996,2026-04-13,CA - SUN VALLEY,CA,,12671.0,[PREMIUM],,
[PREMIUM],2022,Subaru,Ascent,TOURING,SC,Rear End,0,73689,79557455,2026-04-09,CA - ANTELOPE,CA,,17781.0,[PREMIUM],,
[PREMIUM],2022,Toyota,Mirai,XLE,SC,Front End,0,12570,79899155,2026-04-09,CA - ANTELOPE,CA,,24687.0,[PREMIUM],,
[PREMIUM],2016,Hyundai,Sonata,SE,SC,Front End,0,138217,47054116,2026-04-16,CA - ANTELOPE,CA,,6866.0,[PREMIUM],,
[PREMIUM],2021,Nissan,Rogue,S,SC,Front End,0,80353,47118066,2026-04-09,CA - ANTELOPE,CA,,12947.0,[PREMIUM],,
[PREMIUM],2018,Ford,Fusion,SE HYBRID,SC,Front End,0,117746,46185416,2026-04-09,CA - ANTELOPE,CA,,6887.0,[PREMIUM],,
[PREMIUM],2018,Subaru,Outback,2.5I PREMIUM,SC,Side,0,54509,41988396,2026-04-16,CA - ANTELOPE,CA,,8910.0,[PREMIUM],,
[PREMIUM],2019,Hyundai,Tucson,SE,SC,Front End,0,101143,79833815,2026-04-07,CA - RANCHO CUCAMONGA,CA,,9641.0,[PREMIUM],,
[PREMIUM],2015,Bmw,M3,,SC,Minor Dent/Scratches,0,79789,79309885,2026-04-21,CA - RANCHO CUCAMONGA,CA,,35276.0,[PREMIUM],,
[PREMIUM],2019,Cadillac,Cts,LUXURY,SC,Front End,0,94932,77239885,2026-04-09,CA - RANCHO CUCAMONGA,CA,,14866.0,[PREMIUM],,
[PREMIUM],2015,Toyota,Camry,XSE,SC,Front End,0,128157,75867225,2026-04-09,CA - RANCHO CUCAMONGA,CA,,11740.0,[PREMIUM],,
[PREMIUM],2025,Chev,Colorado,,SC,Rear End,0,8113,75673995,2026-04-09,CA - RANCHO CUCAMONGA,CA,,19084.0,[PREMIUM],,
[PREMIUM],2020,Nissan,Versa,S,SC,Front End,0,124051,74128975,2026-04-09,CA - RANCHO CUCAMONGA,CA,,4958.0,[PREMIUM],,
[PREMIUM],2019,Chevrolet,Equinox,PREMIER,SC,Side,0,118073,47743256,2026-04-16,CA - RANCHO CUCAMONGA,CA,,15412.0,[PREMIUM],,
[PREMIUM],2018,Toyota,Tacoma,TRD OFF-ROAD,SC,Front End,0,154474,46945846,2026-04-16,CA - RANCHO CUCAMONGA,CA,,10570.0,[PREMIUM],,
[PREMIUM],2018,Hyundai,Santa Fe,2.4L,SC,Front End,0,64464,46503846,2026-04-16,CA - RANCHO CUCAMONGA,CA,,8393.0,[PREMIUM],,
[PREMIUM],2023,Can-Am,Sidebyside,UNKNOWN,SC,Front End,0,2032,42075466,2026-04-23,CRASHEDTOYS POWERSPORT AUCTION,CA,,16369.0,[PREMIUM],,
[PREMIUM],2025,Ford,Bronco,HERITAGE,SC,All Over,0,10876,41862946,2026-04-16,CA - RANCHO CUCAMONGA,CA,,19222.0,[PREMIUM],,
[PREMIUM],2021,Subaru,Wrx,,SC,Front End,0,47856,41816486,2026-04-16,CA - RANCHO CUCAMONGA,CA,,10160.0,[PREMIUM],,
[PREMIUM],2026,Toyota,Corolla,LE,SC,Front End,0,1712,73267865,2026-04-08,CA - MARTINEZ,CA,,23653.0,[PREMIUM],,
[PREMIUM],2016,Cadillac,Ct6,PREMIUM,SC,Side,0,196452,47114456,2026-04-08,CA - MARTINEZ,CA,,0.0,[PREMIUM],,
[PREMIUM],2021,Lexus,Rx350,BASE,SC,Side,0,176070,46909426,2026-04-22,CA - MARTINEZ,CA,,7434.0,[PREMIUM],,
[PREMIUM],2019,Honda,Accord,TOURING,SC,Vandalism,0,64244,45654446,2026-04-08,CA - MARTINEZ,CA,,0.0,[PREMIUM],,
[PREMIUM],2017,Lexus,Ls500,BASE,SC,Rear End,0,53380,41848416,2026-04-15,CA - MARTINEZ,CA,,18004.0,[PREMIUM],,
[PREMIUM],2022,Hyundai,Santa Fe,SEL,SC,Front End,0,42849,79115635,2026-04-10,CA - SAN DIEGO,CA,,25109.0,[PREMIUM],,
[PREMIUM],2023,Kia,Sportage,EX,SC,Front End,0,59026,78317065,2026-04-10,CA - SAN DIEGO,CA,,19716.0,[PREMIUM],,
[PREMIUM],2020,Dodge,Caravan,SXT,SC,Front End,0,0,47119936,2026-04-10,CA - SAN DIEGO,CA,,12355.0,[PREMIUM],,
[PREMIUM],2020,Toyota,Camry Sola,XLE,SC,Front End,0,107929,46955766,2026-04-14,CA - SAN DIEGO,CA,,15945.0,[PREMIUM],,
[PREMIUM],2019,Kia,Sportage,EX,SC,Front End,0,76402,46163136,2026-04-10,CA - SAN DIEGO,CA,,18953.0,[PREMIUM],,
[PREMIUM],2017,Mitsubishi,Outlander,SE,SC,Rear End,0,115294,46061216,2026-04-10,CA - SAN DIEGO,CA,,11960.0,[PREMIUM],,
[PREMIUM],2022,Bmw Motorrad,5 Series,,SC,Front End,0,0,45881086,2026-04-10,CA - SAN DIEGO,CA,,27246.0,[PREMIUM],,
[PREMIUM],2023,Tesla,Model Y,,SC,Side,0,49410,45633486,2026-04-10,CA - SAN DIEGO,CA,,18722.0,[PREMIUM],,
[PREMIUM],2018,Jeep,Compass,LIMITED,SC,Rear End,0,137121,45476646,2026-04-10,CA - SAN DIEGO,CA,,17664.0,[PREMIUM],,
[PREMIUM],2025,Honda,Civic,SPORT,SC,Side,0,21861,42007236,2026-04-10,CA - SAN DIEGO,CA,,18435.0,[PREMIUM],,
[PREMIUM],2019,Honda,Civic,LX,SC,Front End,0,88710,41789036,2026-04-17,CA - SAN DIEGO,CA,,12201.0,[PREMIUM],,
[PREMIUM],2019,Gmc,Sierra,K1500 DENALI,SC,Undercarriage,0,84187,98196495,2026-04-22,CA - MENTONE,CA,,0.0,[PREMIUM],,
[PREMIUM],2021,Mazda,Cx-5,TOURING,SC,Front End,0,66918,97052245,2026-04-08,CA - MENTONE,CA,,17293.0,[PREMIUM],,
[PREMIUM],2024,Audi,Q3,PREMIUM PLUS S LINE 45,SC,Front End,0,19342,95907995,2026-04-08,CA - MENTONE,CA,,23132.0,[PREMIUM],,
[PREMIUM],2022,Toyota,Camry,SE,SC,Front End,0,0,95708865,2026-04-08,CA - MENTONE,CA,,20303.0,[PREMIUM],,
[PREMIUM],2019,Honda,Civic,SPORT,SC,Front End,0,147830,79579725,2026-04-15,CA - MENTONE,CA,,14591.0,[PREMIUM],,
[PREMIUM],2017,Dodge,Caravan,SXT,DV,Minor Dent/Scratches,0,160118,79435845,2026-04-15,CA - MENTONE,CA,,0.0,[PREMIUM],,
[PREMIUM],2017,Toyota,Corolla,L,SC,Side,0,0,72986195,2026-04-08,CA - MENTONE,CA,,27714.0,[PREMIUM],,
[PREMIUM],2016,Hyundai,Sonata,SE,SC,Vandalism,0,86903,47651566,2026-04-22,CA - MENTONE,CA,,5945.0,[PREMIUM],,
[PREMIUM],2023,Indian Motorcycle Co.,Motorcycle,BOBBER SIXTY ABS,SC,Front End,0,0,47424986,2026-04-09,CRASHEDTOYS POWERSPORT AUCTION,CA,,10332.0,[PREMIUM],,
[PREMIUM],2020,Honda,Accord,HYBRID,SC,Front End,0,181349,46710986,2026-04-22,CA - MENTONE,CA,,15883.0,[PREMIUM],,
[PREMIUM],2026,Toyota,Camry,XSE,SC,Rear End,0,3349,45942456,2026-04-08,CA - MENTONE,CA,,27574.0,[PREMIUM],,
[PREMIUM],2023,Chevrolet,Silverado,K1500 RST,SC,Front End,0,56256,79845425,2026-04-10,CA - REDDING,CA,,40596.0,[PREMIUM],,
[PREMIUM],2023,Honda,Civic,SPORT,SC,Front End,0,17765,79554015,,CA - REDDING,CA,,24546.0,[PREMIUM],,
[PREMIUM],2015,Nissan,Leaf,S,SC,Mechanical,0,128409,78501465,2026-04-10,CA - REDDING,CA,,8100.0,[PREMIUM],,
[PREMIUM],2023,Ford,Explorer,LIMITED,SC,Front End,0,51381,78537805,2026-04-17,CA - REDDING,CA,,31453.0,[PREMIUM],,
[PREMIUM],2015,Ram,3500,LARAMIE,SC,Stripped,0,0,76176225,2026-04-15,MEDIUM DUTY SPECIALTY SALE,CA,,5146.0,[PREMIUM],,
[PREMIUM],2016,Dodge,Journey,SXT,SC,Front End,0,114784,73256975,2026-04-10,CA - REDDING,CA,,15105.0,[PREMIUM],,
[PREMIUM],2023,Ram,1500,LARAMIE,SC,Front End,0,63357,47765116,,CA - REDDING,CA,,0.0,[PREMIUM],,
[PREMIUM],2019,Chevrolet,Colorado,LT,SC,Front End,0,127756,97847445,2026-04-08,CA - MENTONE,CA,,21951.0,[PREMIUM],,
[PREMIUM],2025,Toyota,Camry,XSE,SC,Mechanical,0,15143,96848185,2026-04-15,CA - MENTONE,CA,,25236.0,[PREMIUM],,
[PREMIUM],2020,Honda,Accord,SPORT,SC,Rear End,0,127731,79520265,2026-04-15,CA - MENTONE,CA,,16392.0,[PREMIUM],,
[PREMIUM],2016,Ford,Focus,SE,SC,Front End,0,126291,79575585,,CA - MENTONE,CA,,0.0,[PREMIUM],,
[PREMIUM],2020,Niss,Rogue,SL,SC,Front End,0,119213,78805265,,CA - MENTONE,CA,,0.0,[PREMIUM],,
[PREMIUM],2025,Honda,Civic,SPORT,SC,Front End,0,28332,78191445,2026-04-15,CA - MENTONE,CA,,12270.0,[PREMIUM],,
[PREMIUM],2021,Nissan,Leaf,SV,SC,Rear End,0,30410,77246525,2026-04-08,CA - MENTONE,CA,,12555.0,[PREMIUM],,
[PREMIUM],2022,Mercedes-Benz,S-Class,500 4MATIC,SC,Undercarriage,0,30928,77433155,2026-04-15,CA - MENTONE,CA,,29747.0,[PREMIUM],,
[PREMIUM],2022,Honda,Civic,SPORT,SC,Undercarriage,0,47702,76446995,2026-04-08,CA - MENTONE,CA,,21003.0,[PREMIUM],,
[PREMIUM],2022,Honda,Civic,EX,SC,Undercarriage,0,121638,74884105,2026-04-08,CA - MENTONE,CA,,13832.0,[PREMIUM],,
[PREMIUM],2020,Chevrolet,Colorado,Z71,SC,Front End,0,135072,74929535,2026-04-08,CA - MENTONE,CA,,18554.0,[PREMIUM],,
[PREMIUM],2015,Nissan,Altima,2.5,SC,All Over,0,58764,56766875,2026-04-15,CA - MENTONE,CA,,18597.0,[PREMIUM],,
[PREMIUM],2017,Honda,Accord,LX,SC,Front End,0,186745,48147736,2026-04-08,CA - MENTONE,CA,,12471.0,[PREMIUM],,
[PREMIUM],2016,Mazda,Cx-3,GRAND TOURING,SC,Front End,0,186509,46701936,2026-04-15,CA - MENTONE,CA,,9567.0,[PREMIUM],,
[PREMIUM],2015,Buick,Enclave,,SC,Front End,0,82605,46566256,2026-04-15,CA - MENTONE,CA,,0.0,[PREMIUM],,
[PREMIUM],2021,Nissan,Rogue,SV,SC,Side,0,95342,46852746,2026-04-08,CA - MENTONE,CA,,15374.0,[PREMIUM],,
[PREMIUM],2021,Bmw,X5,XDRIVE45E,SC,Front End,0,0,46166016,2026-04-15,CA - MENTONE,CA,,11380.0,[PREMIUM],,
[PREMIUM],2023,Chevrolet,Colorado,Z71,SC,Front End,0,21984,79570675,2026-04-17,CA - REDDING,CA,,29041.0,[PREMIUM],,
[PREMIUM],2020,Nissan,Sentra,SR,SC,Front End,0,61408,79058225,2026-04-17,CA - REDDING,CA,,0.0,[PREMIUM],,
[PREMIUM],2018,Subaru,Outback,2.5I LIMITED,SC,Rear End,0,131945,78738935,2026-04-17,CA - REDDING,CA,,5490.0,[PREMIUM],,
[PREMIUM],2023,Nissan,Sentra,SR,CT,Minor Dent/Scratches,0,43425,77398225,2026-04-14,WHOLESALE AUCTION,CA,,0.0,[PREMIUM],,
[PREMIUM],2018,Toyota,Camry,XSE,NR,Front End,0,31566,74796985,2026-04-10,CA - REDDING,CA,,0.0,[PREMIUM],,
[PREMIUM],2016,Chevrolet,Cruze,LT,SC,Burn - Interior,0,0,47778546,2026-04-10,CA - REDDING,CA,,0.0,[PREMIUM],,
[PREMIUM],2020,Ram,1500,REBEL,SC,Rollover,0,111268,45876116,2026-04-10,CA - REDDING,CA,,0.0,[PREMIUM],,
[PREMIUM],2023,Volvo,Xc60,ULTIMATE,SC,Front End,0,34408,45568696,2026-04-10,CA - REDDING,CA,,0.0,[PREMIUM],,
[PREMIUM],2017,Mercedes-Benz,E-Class,300 4MATIC,SC,Front End,0,0,41941716,,CA - REDDING,CA,,0.0,[PREMIUM],,
[PREMIUM],2019,Subaru,Ascent,LIMITED,SC,Rear End,0,82060,41606886,2026-04-10,CA - REDDING,CA,,0.0,[PREMIUM],,
[PREMIUM],2023,Kia,Forte,LXS,SC,Side,0,40827,41658346,2026-04-10,CA - REDDING,CA,,0.0,[PREMIUM],,
[PREMIUM],2015,Infiniti,Q50,BASE,SC,Rear End,0,116427,89740565,2026-04-08,CA - MENTONE,CA,,0.0,[PREMIUM],,
[PREMIUM],2026,Toyota,Tundra,TRD PRO HV,SC,Front End,0,1990,79476055,2026-04-15,CA - MENTONE,CA,,61042.0,[PREMIUM],,
[PREMIUM],2018,Toyota,Camry,SE,SC,Side,0,245189,79261145,2026-04-08,CA - MENTONE,CA,,10213.0,[PREMIUM],,
[PREMIUM],2025,Ram,2500,TRADESMAN,SC,Front End,0,9688,78040755,2026-04-08,CA - MENTONE,CA,,35442.0,[PREMIUM],,
[PREMIUM],2022,Toyota,Tacoma,TRD SPORT,SC,Front End,0,104772,74434355,2026-04-08,CA - MENTONE,CA,,28264.0,[PREMIUM],,
[PREMIUM],2018,Toyota,Tacoma,SR5 V6,SC,Front End,0,66318,47970946,2026-04-15,CA - MENTONE,CA,,16532.0,[PREMIUM],,
[PREMIUM],2015,Chrysler,300,,SC,Rear End,0,84826,46703066,2026-04-15,CA - MENTONE,CA,,12001.0,[PREMIUM],,
[PREMIUM],2018,Subaru,Forester,2.5I PREMIUM,SC,Front End,0,145642,98983835,2026-04-03,CA - REDDING,CA,,10455.0,[PREMIUM],,
[PREMIUM],2019,Chevrolet,Tahoe,K1500 LT,ST,Missing/Altered Vin,0,75885,95718705,2026-04-17,CA - REDDING,CA,,10062.0,[PREMIUM],,
[PREMIUM],2019,Toyota,Tacoma,DOUBLE CAB,SC,Front End,0,56757,78252475,2026-04-03,CA - REDDING,CA,,0.0,[PREMIUM],,
[PREMIUM],2016,Kia,Optima,SX TURBO,SC,Minor Dent/Scratches,0,125734,47766696,2026-04-03,CA - REDDING,CA,,11788.0,[PREMIUM],,
[PREMIUM],2016,Toyota,Tacoma,TRD SPORT,SC,Front End,0,42569,47540686,2026-04-10,CA - REDDING,CA,,27389.0,[PREMIUM],,
[PREMIUM],2018,Honda,Hr-V,EXL,SC,Front End,0,100823,47787116,,CA - REDDING,CA,,17179.0,[PREMIUM],,
[PREMIUM],2019,Toyota,Corolla,SE,SC,Rear End,0,84072,79296185,2026-04-15,CA - MENTONE,CA,,9959.0,[PREMIUM],,
[PREMIUM],2018,Honda,Accord,TOURING,SC,Front End,0,92359,79175405,2026-04-15,CA - MENTONE,CA,,17688.0,[PREMIUM],,
[PREMIUM],2021,Kia,Forte,GT LINE,SC,Front End,0,33491,75494605,2026-04-15,CA - MENTONE,CA,,0.0,[PREMIUM],,
[PREMIUM],2020,Chevrolet,Colorado,LT,SC,Rollover,0,113677,74990825,2026-04-15,CA - MENTONE,CA,,20192.0,[PREMIUM],,
[PREMIUM],2022,Tesla,Model Y,,SC,Front End,0,70112,75013095,2026-04-15,CA - MENTONE,CA,,22505.0,[PREMIUM],,
[PREMIUM],2023,Honda,Hr-V,EXL,SC,Side,0,19353,74614725,2026-04-15,CA - MENTONE,CA,,26545.0,[PREMIUM],,
[PREMIUM],2025,Acura,Integra,,SC,All Over,0,6416,65051315,2026-04-15,CA - MENTONE,CA,,20975.0,[PREMIUM],,
[PREMIUM],2019,Chevrolet,Camaro,LT,NR,Side,0,28228,66675375,,CA - MENTONE,CA,,29111.0,[PREMIUM],,
[PREMIUM],2017,Bmw,X5,SDRIVE35I,SC,Front End,0,98501,67262265,,CA - MENTONE,CA,,9078.0,[PREMIUM],,
[PREMIUM],2022,Nissan,Altima,SR,SC,Rear End,0,36432,95197885,2026-04-10,CA - REDDING,CA,,0.0,[PREMIUM],,
[PREMIUM],2017,Jaguar,Xe,,SC,Front End,0,96287,78835395,2026-04-17,CA - REDDING,CA,,6230.0,[PREMIUM],,
[PREMIUM],2025,Chevrolet,All Models,K2500 HEAVY DUTY LT,SC,Front End,0,13688,74710855,2026-04-22,MEDIUM DUTY SPECIALTY SALE,CA,,25143.0,[PREMIUM],,
[PREMIUM],2025,Chevrolet,Suburban,C1500 RST,SC,Front End,0,0,95959975,2026-04-13,CA - ADELANTO,CA,,28077.0,[PREMIUM],,
[PREMIUM],2021,Chrysler,Pacifica,TOURING L,SC,Front End,0,98459,79486825,2026-04-13,CA - ADELANTO,CA,,15003.0,[PREMIUM],,
[PREMIUM],2023,Chrysler,Pacifica,HYBRID LIMITED,SC,Side,0,0,74704075,,CA - ADELANTO,CA,,16622.0,[PREMIUM],,
[PREMIUM],2025,Tesla,Model 3,,SC,Side,0,11446,73315435,2026-04-13,CA - ADELANTO,CA,,44221.0,[PREMIUM],,
[PREMIUM],2023,Honda,Accord,EX,SC,Side,0,63274,77440555,,CA - NAPA,CA,,0.0,[PREMIUM],,
[PREMIUM],2019,Honda,Accord,TOURING,SC,Front End,0,73075,76786375,,CA - NAPA,CA,,0.0,[PREMIUM],,
[PREMIUM],2025,Tesla,Model 3,,SC,Side,0,11814,73490465,,CA - NAPA,CA,,42641.0,[PREMIUM],,
[PREMIUM],2018,Dodge,Caravan,GT,SC,Front End,0,123928,46959626,,CA - NAPA,CA,,0.0,[PREMIUM],,
[PREMIUM],2015,Infiniti,Q50,PREMIUM,SC,Front End,0,125971,79481115,2026-04-15,CA - LONG BEACH,CA,,10236.0,[PREMIUM],,
[PREMIUM],2022,Tesla,Model Y,,SC,Rear End,0,63222,79483975,2026-04-15,CA - LONG BEACH,CA,,23070.0,[PREMIUM],,
[PREMIUM],2022,Chevrolet,Malibu,LT,SC,Undercarriage,0,64574,79063195,2026-04-15,CA - LONG BEACH,CA,,12797.0,[PREMIUM],,
[PREMIUM],2023,Tesla,Model 3,,SC,Rear End,0,74361,75892565,2026-04-15,CA - LONG BEACH,CA,,17029.0,[PREMIUM],,
[PREMIUM],2021,Tesla,Model 3,,SC,Front End,0,112626,75872465,2026-04-03,CA - LONG BEACH,CA,,12895.0,[PREMIUM],,
[PREMIUM],2019,Infiniti,Q50,LUXE,SC,Vandalism,0,0,75076985,,CA - LONG BEACH,CA,,0.0,[PREMIUM],,
[PREMIUM],2025,Nissan,Versa,S,DV,All Over,0,23092,47809116,2026-04-14,*NCS - PACIFIC REGION,CA,,0.0,[PREMIUM],,
[PREMIUM],2017,Porsche,Boxster,,DV,All Over,0,51918,47807006,2026-04-07,*NCS - PACIFIC REGION,CA,,0.0,[PREMIUM],,
[PREMIUM],2015,Jaguar,F-Type,S,DV,All Over,0,75576,46903276,2026-04-14,*NCS - PACIFIC REGION,CA,,0.0,[PREMIUM],,
[PREMIUM],2016,Ford,Mustang,GT,DV,All Over,0,41700,46722366,2026-04-14,*NCS - PACIFIC REGION,CA,,0.0,[PREMIUM],,
[PREMIUM],2018,Ford,Fusion,S HYBRID,SC,Rear End,0,18448,79844615,2026-04-15,CA - SUN VALLEY,CA,,14448.0,[PREMIUM],,
[PREMIUM],2022,Tesla,Model Y,,SC,Front End,0,121212,79655725,2026-04-15,CA - SUN VALLEY,CA,,21406.0,[PREMIUM],,
[PREMIUM],2019,Hyundai,Sonata,SE,SC,Front End,0,63350,78271855,2026-04-15,CA - SUN VALLEY,CA,,5519.0,[PREMIUM],,
[PREMIUM],2025,Tesla,Model 3,,SC,Front End,0,2010,77684815,2026-04-15,CA - SUN VALLEY,CA,,30046.0,[PREMIUM],,
[PREMIUM],2019,Tesla,Model 3,,SC,Side,0,132714,77181695,2026-04-15,CA - SUN VALLEY,CA,,17047.0,[PREMIUM],,
[PREMIUM],2025,Toyota,Camry,XSE,SC,Side,0,13964,74497365,2026-04-15,CA - SUN VALLEY,CA,,26559.0,[PREMIUM],,
[PREMIUM],2024,Tesla,Model Y,,SC,Front End,0,33096,72861365,2026-04-15,CA - SUN VALLEY,CA,,24209.0,[PREMIUM],,
[PREMIUM],2023,Kia,Forte,LX,SC,Front End,0,32200,72805845,2026-04-15,CA - SUN VALLEY,CA,,17116.0,[PREMIUM],,
[PREMIUM],2018,Toyota,Avalon,,SC,Front End,0,180065,41909166,2026-04-15,CA - SUN VALLEY,CA,,10107.0,[PREMIUM],,
[PREMIUM],2018,Jeep,Wrangler,SPORT,SC,Front End,0,58516,99600525,,CA - ANTELOPE,CA,,14121.0,[PREMIUM],,
[PREMIUM],2017,Acura,Mdx,,SC,Front End,0,44684,93923765,2026-04-07,CA - ANTELOPE,CA,,0.0,[PREMIUM],,
[PREMIUM],2017,Toyota,Prius,,SC,Minor Dent/Scratches,0,58435,78529155,2026-04-07,CA - ANTELOPE,CA,,0.0,[PREMIUM],,
[PREMIUM],2022,Nissan,Leaf,S,SC,Front End,0,29644,77714185,,CA - ANTELOPE,CA,,13527.0,[PREMIUM],,
[PREMIUM],2015,Honda,Civic,LX,SC,Front End,0,113008,75986715,,CA - ANTELOPE,CA,,9198.0,[PREMIUM],,
[PREMIUM],2016,Toyota,Corolla,L,SC,Front End,0,143659,74842025,2026-04-07,CA - ANTELOPE,CA,,0.0,[PREMIUM],,
[PREMIUM],2020,Kia,Optima,LX,SC,Rear End,0,69071,74090355,2026-04-02,CA - ANTELOPE,CA,,0.0,[PREMIUM],,
[PREMIUM],2017,Kia,Sorento,LX V6,SC,Front End,0,99574,47766356,,CA - ANTELOPE,CA,,7553.0,[PREMIUM],,
[PREMIUM],2025,Subaru,Crosstrek,WILDERNESS,SC,Front End,0,31305,46566696,,CA - ANTELOPE,CA,,24210.0,[PREMIUM],,
[PREMIUM],2016,Kia,Optima,LX TURBO,SC,Front End,0,88736,41799786,,CA - ANTELOPE,CA,,6067.0,[PREMIUM],,
[PREMIUM],2016,Tesla,Model S,,SC,Front End,0,0,43400820,2026-04-10,CA - VAN NUYS,CA,,100.0,[PREMIUM],,
[PREMIUM],2015,Toyota,4Runner,SR5,SC,Front End,0,134629,99376925,2026-04-15,CA - MENTONE,CA,,16669.0,[PREMIUM],,
[PREMIUM],2024,Honda,Civic,LX,SC,Side,0,55565,96383545,2026-04-08,CA - MENTONE,CA,,17504.0,[PREMIUM],,
[PREMIUM],2022,Honda,Civic,SPORT,SC,Front End,0,73467,90708815,2026-04-01,CA - MENTONE,CA,,15160.0,[PREMIUM],,
[PREMIUM],2020,Land Rover,Discovery Sport,S,SC,Front End,0,80510,79647475,2026-04-08,CA - MENTONE,CA,,13749.0,[PREMIUM],,
[PREMIUM],2019,Nissan,Frontier,S,SC,Front End,0,150390,79272095,2026-04-08,CA - MENTONE,CA,,12115.0,[PREMIUM],,
[PREMIUM],2019,Honda,Civic,LX,SC,Side,0,87414,77828495,2026-04-08,CA - MENTONE,CA,,14757.0,[PREMIUM],,
[PREMIUM],2024,Bmw Motorrad,4 Series,,SC,Rear End,0,11362,76738525,2026-04-08,CA - MENTONE,CA,,29182.0,[PREMIUM],,
[PREMIUM],2019,Gmc,Acadia,SLE,ST,Vandalism,0,60228,76445575,,CA - MENTONE,CA,,0.0,[PREMIUM],,
[PREMIUM],2020,Hyundai,Accent,SE,SC,Undercarriage,0,0,47100036,2026-04-15,CA - MENTONE,CA,,9167.0,[PREMIUM],,
[PREMIUM],2019,Kia,Sorento,LX V6,NR,Vandalism,0,0,41653316,2026-04-08,CA - MENTONE,CA,,21553.0,[PREMIUM],,
[PREMIUM],2017,Jeep,Grand Cher,SPORT,CT,Rear End,0,130826,75060415,,CA - REDDING,CA,,6089.0,[PREMIUM],,
[PREMIUM],2015,Chevrolet,All Models,K2500 HEAVY DUTY LTZ,SC,Front End,0,434391,94801395,2026-04-03,CA - REDDING,CA,,21159.0,[PREMIUM],,
[PREMIUM],2021,Subaru,Crosstrek,,CT,Front End,0,77860,77425795,,CA - REDDING,CA,,0.0,[PREMIUM],,
[PREMIUM],2022,Mitsubishi,Mirage,G4 ES,SC,Front End,0,81112,75697125,,CA - REDDING,CA,,8324.0,[PREMIUM],,
[PREMIUM],2026,Toyota,Corolla,LE,SC,Front End,0,4589,76674235,2026-04-03,CA - REDDING,CA,,21891.0,[PREMIUM],,
[PREMIUM],2023,Niss,Frontier,SV,SC,Rear End,0,26979,72699955,2026-04-03,CA - REDDING,CA,,0.0,[PREMIUM],,
[PREMIUM],2021,Ford,F150,SUPERCREW,SC,Front End,0,87708,46210746,2026-04-03,CA - REDDING,CA,,30011.0,[PREMIUM],,
[PREMIUM],2017,Honda,Civic,,SC,Front End,0,113970,46762916,,CA - REDDING,CA,,12701.0,[PREMIUM],,
[PREMIUM],2016,Toyota,Tacoma,TRD OFF-ROAD,SC,Rear End,0,93012,41840656,2026-04-03,CA - REDDING,CA,,0.0,[PREMIUM],,
[PREMIUM],2016,Hyundai,Sonata,SE,NR,Vandalism,0,124630,72805915,2026-04-01,CA - LONG BEACH,CA,,4890.0,[PREMIUM],,
[PREMIUM],2015,Honda,Accord,SPORT,SC,Side,0,138755,47136636,2026-04-01,CA - LONG BEACH,CA,,12035.0,[PREMIUM],,
[PREMIUM],2016,Chev,Express,,DV,Minor Dent/Scratches,0,175595,47345726,2026-04-06,MEDIUM DUTY CLEAN TITLE SALE,CA,,0.0,[PREMIUM],,
[PREMIUM],2015,Toyota,Prius,TWO,SC,Front End,0,132763,45548796,2026-04-02,CA - ANTELOPE,CA,,0.0,[PREMIUM],,
[PREMIUM],2019,Jayco,Slide In,,S2,Top/Roof,0,0,47800666,2026-04-13,CA - SAN BERNARDINO,CA,,0.0,[PREMIUM],,
[PREMIUM],2018,Jeep,Cherokee,LAREDO,DV,Minor Dent/Scratches,0,113473,47400386,2026-04-09,CA - SAN BERNARDINO,CA,,0.0,[PREMIUM],,
[PREMIUM],2017,Kia,Forte,LX,DV,Minor Dent/Scratches,0,121358,46373776,2026-04-02,CA - SAN BERNARDINO,CA,,0.0,[PREMIUM],,
[PREMIUM],2016,Chevrolet,Malibu,LT,DV,Front End,0,127864,46229866,2026-04-13,CA - SAN BERNARDINO,CA,,0.0,[PREMIUM],,
[PREMIUM],2021,Volvo,Vn,VNL,DV,All Over,0,1007183,46039256,2026-03-31,HEAVY-TRAILER-RV CLEAN SALE,CA,,0.0,[PREMIUM],,
[PREMIUM],2015,Kia,Optima Hyb,BASE,DV,Minor Dent/Scratches,0,154491,46776436,2026-04-01,CA - MENTONE,CA,,0.0,[PREMIUM],,
[PREMIUM],2016,Nissan,Versa,S PLUS,DV,Rear End,0,102793,46542646,2026-04-01,CA - MENTONE,CA,,0.0,[PREMIUM],,
[PREMIUM],2015,Toyota,Corolla,S,SC,Rear End,0,140680,45888976,,CA - MENTONE,CA,,8088.0,[PREMIUM],,
[PREMIUM],2022,Dodge,Challenger,GT,SC,Front End,0,3767,76128105,2026-04-15,CA - LONG BEACH,CA,,27827.0,[PREMIUM],,
[PREMIUM],2017,Nissan,Sentra,S,SC,Side,0,66486,78525565,2026-04-15,CA - LONG BEACH,CA,,7464.0,[PREMIUM],,
[PREMIUM],2017,Subaru,Crosstrek,PREMIUM,SC,Rear End,0,63309,46939246,2026-04-03,CA - LONG BEACH,CA,,15960.0,[PREMIUM],,
[PREMIUM],2020,Jeep,Gladiator,,SC,Front End,0,55112,47043986,,CA - SUN VALLEY,CA,,27125.0,[PREMIUM],,
[PREMIUM],2015,Honda,Fit,EX,SC,Front End,0,170317,75185605,2026-04-01,CA - SUN VALLEY,CA,,11936.0,[PREMIUM],,
[PREMIUM],2015,Mini,Cooper,S COUNTRYMAN,SC,Front End,0,57192,47706456,2026-04-01,CA - SUN VALLEY,CA,,12591.0,[PREMIUM],,
[PREMIUM],2017,Acura,Mdx,SPORT HYBRID ADVANCE,SC,Front End,0,97436,73549855,,CA - RANCHO CUCAMONGA,CA,,19935.0,[PREMIUM],,
[PREMIUM],2023,Hyundai,Santa Fe,SE,SC,Rear End,0,29809,73875575,2026-04-02,CA - RANCHO CUCAMONGA,CA,,16699.0,[PREMIUM],,
[PREMIUM],2023,Tesla,Model Y,,SC,Rollover,0,48901,78465665,,CA - SAN DIEGO,CA,,36590.0,[PREMIUM],,
[PREMIUM],2024,Toyota,Rav4 Hybrid,XLE,SC,Front End,0,28225,78422595,2026-03-31,CA - SAN DIEGO,CA,,24288.0,[PREMIUM],,
[PREMIUM],2023,Volvo,Xc40,ULTIMATE,SC,Front End,0,15017,78399125,2026-04-03,CA - SAN DIEGO,CA,,32088.0,[PREMIUM],,
[PREMIUM],2022,Mercedes-Benz,Gt-Class,43,SC,Front End,0,48149,73517945,,CA - SAN DIEGO,CA,,40333.0,[PREMIUM],,
[PREMIUM],2018,Kia,Sportage,EX,SC,Front End,0,121464,47930886,2026-03-31,CA - SAN DIEGO,CA,,9251.0,[PREMIUM],,
[PREMIUM],2021,Toyota,Corolla,LE,SC,Rear End,0,128662,47772586,2026-03-31,CA - SAN DIEGO,CA,,11206.0,[PREMIUM],,
[PREMIUM],2023,Bmw,X1,XDRIVE28I,SC,Front End,0,29926,47836796,2026-03-31,CA - SAN DIEGO,CA,,18312.0,[PREMIUM],,
[PREMIUM],2019,Ford,F450 Supe,SUPER DUTY,DV,Front End,0,175990,47608416,2026-04-13,MEDIUM DUTY CLEAN TITLE SALE,CA,,0.0,[PREMIUM],,
[PREMIUM],2026,Tesla,Model Y,,SC,Front End,0,22758,47433996,,CA - SAN DIEGO,CA,,41309.0,[PREMIUM],,
[PREMIUM],2019,Toyota,Yaris,LE,AC,Front End,0,112532,47278936,2026-04-10,CA - SAN DIEGO,CA,,0.0,[PREMIUM],,
[PREMIUM],2015,Chevrolet,Tahoe,C1500 LTZ,SC,Front End,0,127250,47451146,2026-04-03,CA - SAN DIEGO,CA,,11775.0,[PREMIUM],,
[PREMIUM],2026,Toyota,Corolla,SE,CT,Front End,0,8857,46917926,2026-04-06,RENTAL VEHICLE SALE,CA,,8045.0,[PREMIUM],,
[PREMIUM],2017,Hyundai,Accent,SE,DV,Front End,0,165841,46770816,2026-04-10,CA - SAN DIEGO,CA,,0.0,[PREMIUM],,
[PREMIUM],2025,Ford,Escape,ST LINE,CT,Front End,0,17269,47199056,2026-04-01,RENTAL VEHICLE SALE,CA,,10433.0,[PREMIUM],,
[PREMIUM],2024,Toyota,Sienna,XLE 7-PASSENGER,SC,Rear End,0,48119,46936646,2026-04-14,CA - SAN DIEGO,CA,,32076.0,[PREMIUM],,
[PREMIUM],2018,Hyundai,Elantra,SEL,DV,Front End,0,167012,46066796,2026-04-10,CA - SAN DIEGO,CA,,0.0,[PREMIUM],,
[PREMIUM],2015,Chevrolet,Silverado,K1500 LT,SC,Rear End,0,117193,46521196,2026-03-31,CA - SAN DIEGO,CA,,22010.0,[PREMIUM],,
[PREMIUM],2015,Bmw,3 Series,XI,SC,Front End,0,0,46332626,2026-03-31,CA - SAN DIEGO,CA,,16172.0,[PREMIUM],,
[PREMIUM],2024,Toyota,Tundra,PLATINUM,SC,Rear End,0,91190,46499286,2026-03-31,CA - SAN DIEGO,CA,,31363.0,[PREMIUM],,
[PREMIUM],2020,Hyundai,Elantra,SEL,SC,Front End,0,87038,41803746,2026-03-31,CA - SAN DIEGO,CA,,15017.0,[PREMIUM],,
[PREMIUM],2015,Toyota,Camry,SE,SC,Front End,0,166796,45866226,2026-03-31,CA - SAN DIEGO,CA,,7829.0,[PREMIUM],,
[PREMIUM],2018,Honda,Civic,EXL,SC,Front End,0,28798,45951886,2026-03-31,CA - SAN DIEGO,CA,,17181.0,[PREMIUM],,
[PREMIUM],2017,Hyundai,Ioniq,BLUE,DV,Minor Dent/Scratches,0,122562,41673386,2026-04-14,CA - SAN DIEGO,CA,,0.0,[PREMIUM],,
[PREMIUM],2020,Toyota,Corolla,LE,SC,Rear End,0,56988,46045976,2026-04-14,CA - SAN DIEGO,CA,,0.0,[PREMIUM],,
[PREMIUM],2017,Hyundai,Sonata,BASE,DV,Minor Dent/Scratches,0,178098,45705386,2026-04-10,CA - SAN DIEGO,CA,,0.0,[PREMIUM],,
[PREMIUM],2018,Toyota,Sienna,XLE 8-PASSENGER,SC,Front End,0,151722,45790636,2026-04-03,CA - SAN DIEGO,CA,,19653.0,[PREMIUM],,
[PREMIUM],2016,Chevrolet,Colorado,LT,SC,Front End,0,158448,45820576,2026-04-03,CA - SAN DIEGO,CA,,12627.0,[PREMIUM],,
[PREMIUM],2016,Hyundai,Elantra,SE,DV,Front End,0,112483,41621666,2026-04-10,CA - SAN DIEGO,CA,,0.0,[PREMIUM],,
[PREMIUM],2017,Chevrolet,Spark,LS,SC,Front End,0,125820,59234875,2026-04-02,CA - SAN BERNARDINO,CA,,20819.0,[PREMIUM],,
[PREMIUM],2020,Toyota,Prius,,SC,Rear End,0,130695,93124355,2026-04-13,CA - ADELANTO,CA,,0.0,[PREMIUM],,
[PREMIUM],2023,Tesla,Model 3,,SC,Side,0,61779,90354475,2026-04-13,CA - ADELANTO,CA,,19404.0,[PREMIUM],,
[PREMIUM],2020,Mercedes-Benz,Cla-Class,250,SC,Front End,0,60489,82544065,2026-04-13,CA - ADELANTO,CA,,17553.0,[PREMIUM],,
[PREMIUM],2019,Bmw,X3,XDRIVE30I,NR,Water/Flood,0,0,78728115,2026-04-02,CA - NAPA,CA,,0.0,[PREMIUM],,
[PREMIUM],2019,Ford,F450 Supe,SUPER DUTY,SC,Water/Flood,0,71382,78508305,2026-04-15,MEDIUM DUTY SPECIALTY SALE,CA,,12173.0,[PREMIUM],,
[PREMIUM],2021,Toyota,Corolla,LE,SC,Front End,0,71332,78185975,2026-04-09,CA - NAPA,CA,,16538.0,[PREMIUM],,
[PREMIUM],2015,Hyundai,Elantra,LIMITED,SC,Vandalism,0,89811,46211966,2026-04-02,CA - NAPA,CA,,0.0,[PREMIUM],,
[PREMIUM],2016,Mazda,Cx-5,TOURING,SC,Front End,0,65956,41665976,2026-04-06,CA - NAPA,CA,,14968.0,[PREMIUM],,
[PREMIUM],2015,Lincoln,Mkz,,NR,Side,0,85398,79408405,2026-04-03,CA - LONG BEACH,CA,,17730.0,[PREMIUM],,
[PREMIUM],2016,Jeep,Patriot,LATITUDE,SC,Front End,0,101565,96256845,2026-04-16,CA - ANTELOPE,CA,,7260.0,[PREMIUM],,
[PREMIUM],2017,Jaguar,Xe,PREMIUM,SC,Side,0,0,77787715,2026-04-02,CA - ANTELOPE,CA,,0.0,[PREMIUM],,
[PREMIUM],2020,Lexus,Nx,BASE,SC,Front End,0,102644,47304416,2026-04-14,CA - ANTELOPE,CA,,17384.0,[PREMIUM],,
[PREMIUM],2015,Volkswagen,Jetta,TDI,SC,Front End,0,176194,46918446,2026-04-14,CA - ANTELOPE,CA,,5999.0,[PREMIUM],,
[PREMIUM],2017,Toyota,Corolla,LE,SC,Rear End,0,96660,45989826,2026-04-02,CA - ANTELOPE,CA,,0.0,[PREMIUM],,
[PREMIUM],2017,Nissan,Altima,2.5 S,SC,Side,0,122159,41663256,2026-04-14,CA - ANTELOPE,CA,,7221.0,[PREMIUM],,
[PREMIUM],2023,Tesla,Model Y,,SC,Front End,0,0,99282495,,CA - RANCHO CUCAMONGA,CA,,28387.0,[PREMIUM],,
[PREMIUM],2025,Subaru,Crosstrek,PREMIUM,SC,Front End,0,1462,79820465,2026-04-02,CA - RANCHO CUCAMONGA,CA,,26161.0,[PREMIUM],,
[PREMIUM],2017,Maserati,All Other,SPORT,SC,Side,0,23902,79646775,2026-04-02,CA - RANCHO CUCAMONGA,CA,,11396.0,[PREMIUM],,
[PREMIUM],2015,Volkswagen,Beetle,1.8T,SC,Front End,0,158253,78763795,,CA - RANCHO CUCAMONGA,CA,,0.0,[PREMIUM],,
[PREMIUM],2025,Audi,Q6 E-Tron,SPORTBACK PREMIUM,SC,Front End,0,8829,76980555,,CA - RANCHO CUCAMONGA,CA,,40778.0,[PREMIUM],,
[PREMIUM],2020,Nissan,Sentra,SV,SC,Front End,0,101332,76043385,2026-04-09,CA - RANCHO CUCAMONGA,CA,,8873.0,[PREMIUM],,
[PREMIUM],2020,Honda,Civic,LX,SC,Side,0,0,75688625,2026-04-02,CA - RANCHO CUCAMONGA,CA,,0.0,[PREMIUM],,
[PREMIUM],2017,Porsche,Macan,,SC,Rear End,0,95272,72609005,2026-04-02,CA - RANCHO CUCAMONGA,CA,,11445.0,[PREMIUM],,
[PREMIUM],2015,Honda,Civic,EXL,SC,Rear End,0,119145,47985436,2026-04-02,CA - RANCHO CUCAMONGA,CA,,21992.0,[PREMIUM],,
[PREMIUM],2017,Ford,Escape,SE,SC,Front End,0,104350,47528976,2026-04-02,CA - RANCHO CUCAMONGA,CA,,9032.0,[PREMIUM],,
[PREMIUM],2021,Toyota,Tacoma,DOUBLE CAB,SC,Front End,0,64619,84591525,2026-04-01,CA - SUN VALLEY,CA,,0.0,[PREMIUM],,
[PREMIUM],2023,Tesla,Model X,,SC,Side,0,59901,98282825,2026-04-15,CA - MENTONE,CA,,28230.0,[PREMIUM],,
[PREMIUM],2021,Lexus,Is,F SPORT,SC,Rear End,0,58535,79837695,2026-04-08,CA - MENTONE,CA,,31421.0,[PREMIUM],,
[PREMIUM],2022,Kia,Ev6 Light,LIGHT,SC,Front End,0,89061,78660125,2026-04-15,CA - MENTONE,CA,,5124.0,[PREMIUM],,
[PREMIUM],2023,Honda,Civic,LX,SC,Front End,0,112808,78535205,2026-04-08,CA - MENTONE,CA,,18550.0,[PREMIUM],,
[PREMIUM],2021,Chrysler,Pacifica,TOURING L,SC,Front End,0,46615,78205865,2026-04-08,CA - MENTONE,CA,,20597.0,[PREMIUM],,
[PREMIUM],2015,Ford,Focus,SE,DV,Minor Dent/Scratches,0,123106,72699385,2026-04-08,CA - MENTONE,CA,,0.0,[PREMIUM],,
[PREMIUM],2020,Lexus,Nx,BASE,SC,Front End,0,95894,47627616,2026-04-15,CA - MENTONE,CA,,15627.0,[PREMIUM],,
[PREMIUM],2015,Chevrolet,Malibu,LS,SC,Front End,0,67025,42021226,2026-04-08,CA - MENTONE,CA,,7455.0,[PREMIUM],,
[PREMIUM],2018,Mitsubishi,Outlander,ES,SC,Front End,0,139248,79832205,2026-04-03,CA - REDDING,CA,,0.0,[PREMIUM],,
[PREMIUM],2019,Nissan,Sentra,S,SC,Side,0,106549,79559195,2026-04-03,CA - REDDING,CA,,0.0,[PREMIUM],,
[PREMIUM],2022,Dodge,Challenger,R,SC,Front End,0,59989,79403725,2026-04-03,CA - REDDING,CA,,0.0,[PREMIUM],,
[PREMIUM],2017,Infiniti,Qx30,LUXURY,DA,Minor Dent/Scratches,0,82495,47904216,2026-04-03,CA - REDDING,CA,,0.0,[PREMIUM],,
[PREMIUM],2021,Ram,1500,BIG HORN,SC,Rear End,0,73988,47411406,2026-04-03,CA - REDDING,CA,,22304.0,[PREMIUM],,
[PREMIUM],2021,Hyundai,Tucson,ULTIMATE,SC,Front End,0,0,46930556,2026-04-03,CA - REDDING,CA,,33407.0,[PREMIUM],,
[PREMIUM],2017,Volvo,S60,PLATINUM,SC,Front End,0,146483,47008386,,CA - REDDING,CA,,9755.0,[PREMIUM],,
[PREMIUM],2016,Ford,Cmax,PREMIUM SEL,SC,Rear End,0,148067,45975156,2026-04-03,CA - REDDING,CA,,0.0,[PREMIUM],,
[PREMIUM],2022,Toyota,Rav4 Hybrid,XSE,SC,Side,0,31615,41654446,2026-04-03,CA - REDDING,CA,,0.0,[PREMIUM],,
[PREMIUM],2018,Toyota,Camry,SE,SC,Front End,0,61811,78131165,2026-04-15,CA - MENTONE,CA,,14250.0,[PREMIUM],,
[PREMIUM],2016,Jeep,Grand Cher,LIMITED,SC,Rear End,0,112684,77730265,2026-04-01,CA - MENTONE,CA,,11775.0,[PREMIUM],,
[PREMIUM],2018,Tesla,Model 3,,SC,Rear End,0,79575,77628525,2026-04-01,CA - MENTONE,CA,,8938.0,[PREMIUM],,
[PREMIUM],2017,Lexus,Rx350,350 BASE,SC,Front End,0,74856,76472775,2026-04-01,CA - MENTONE,CA,,29015.0,[PREMIUM],,
[PREMIUM],2025,Toyota,Camry,XSE,SC,Rear End,0,77741,76411605,2026-04-15,CA - MENTONE,CA,,22168.0,[PREMIUM],,
[PREMIUM],2015,Mazda,6,TOURING,SC,Rollover,0,138661,75515555,2026-04-01,CA - MENTONE,CA,,8663.0,[PREMIUM],,
[PREMIUM],2024,Honda,Hr-V,SPORT,SC,Rear End,0,21386,72584425,2026-04-15,CA - MENTONE,CA,,13325.0,[PREMIUM],,
[PREMIUM],2025,Ford,Maverick,XL,SC,Rear End,0,808,64743195,2026-04-01,CA - MENTONE,CA,,30312.0,[PREMIUM],,
[PREMIUM],2019,Toyota,Prius,LE,SC,Front End,0,134611,47127796,2026-04-08,CA - MENTONE,CA,,13323.0,[PREMIUM],,
[PREMIUM],2015,Mazda,3,TOURING,SC,Front End,0,141984,46221906,2026-04-01,CA - MENTONE,CA,,16717.0,[PREMIUM],,
[PREMIUM],2022,Chrysler,300,TOURING,SC,Rear End,0,33365,41787136,2026-04-01,CA - MENTONE,CA,,17704.0,[PREMIUM],,
[PREMIUM],2019,Subaru,Legacy,2.5I PREMIUM,SC,Water/Flood,0,67621,98654955,2026-04-10,CA - REDDING,CA,,15143.0,[PREMIUM],,
[PREMIUM],2022,Toyota,Camry,SE,SC,Front End,0,41145,79949815,2026-04-03,CA - REDDING,CA,,19351.0,[PREMIUM],,
[PREMIUM],2015,Mazda,Cx-5,GT,DV,Minor Dent/Scratches,0,61683,47617286,2026-03-27,CA - REDDING,CA,,0.0,[PREMIUM],,
[PREMIUM],2018,Toyota,Corolla,LE,SC,Front End,0,0,46178036,2026-04-03,CA - REDDING,CA,,13027.0,[PREMIUM],,
[PREMIUM],2019,Mini,Cooper,,NR,Rollover,0,0,33733139,2026-03-30,CA - ADELANTO,CA,,30000.0,[PREMIUM],,
[PREMIUM],2022,Honda,Hr-V,EX,SC,Front End,0,50477,92070795,2026-04-01,CA - MENTONE,CA,,16713.0,[PREMIUM],,
[PREMIUM],2025,Toyota,Grand High,LE,SC,Rear End,0,943,90069235,2026-04-01,CA - MENTONE,CA,,45790.0,[PREMIUM],,
[PREMIUM],2025,Toyota,Corolla,SE,SC,Rear End,0,7675,79757075,2026-04-01,CA - MENTONE,CA,,24287.0,[PREMIUM],,
[PREMIUM],2017,Honda,Civic,LX,SC,Rear End,0,103763,78560575,2026-04-01,CA - MENTONE,CA,,18782.0,[PREMIUM],,
[PREMIUM],2025,Kia,K4 Gt-Line,GT-LINE TURBO,SC,Front End,0,794,78275155,,CA - MENTONE,CA,,19812.0,[PREMIUM],,
[PREMIUM],2024,Hyundai,Ioniq,LIMITED,SC,Rear End,0,22275,77869175,,CA - MENTONE,CA,,23438.0,[PREMIUM],,
[PREMIUM],2021,Tesla,Model Y,,SC,Front End,0,109005,76821405,2026-04-08,CA - MENTONE,CA,,19488.0,[PREMIUM],,
[PREMIUM],2017,Honda,Civic,TOURING,SC,Side,0,94659,47016376,2026-04-08,CA - MENTONE,CA,,9689.0,[PREMIUM],,
[PREMIUM],2025,Honda,Accord,HYBRID SPORT,SC,Top/Roof,0,567,97854345,2026-04-01,CA - MENTONE,CA,,2881.0,[PREMIUM],,
[PREMIUM],2022,Nissan,Altima,SR,SC,Front End,0,39174,96550545,,CA - MENTONE,CA,,24259.0,[PREMIUM],,
[PREMIUM],2019,Ford,F-150,SUPERCREW,SC,Rear End,0,137665,94521925,2026-04-01,CA - MENTONE,CA,,22640.0,[PREMIUM],,
[PREMIUM],2016,Toyota,Camry,LE,SC,Front End,0,111322,94177485,2026-04-08,CA - MENTONE,CA,,13666.0,[PREMIUM],,
[PREMIUM],2016,Nissan,Sentra,S,SC,Front End,0,148471,92071745,2026-04-01,CA - MENTONE,CA,,4654.0,[PREMIUM],,
[PREMIUM],2020,Nissan,Versa,S,SC,Rear End,0,177708,79129655,2026-04-01,CA - MENTONE,CA,,7338.0,[PREMIUM],,
[PREMIUM],2024,Lexus,Es 350,BASE,SC,Front End,0,36757,79036945,2026-04-01,CA - MENTONE,CA,,16667.0,[PREMIUM],,
[PREMIUM],2015,Audi,A3,PREMIUM PLUS,SC,Front End,0,31166,79001125,,CA - MENTONE,CA,,7679.0,[PREMIUM],,
[PREMIUM],2019,Honda,Insight,EX,SC,Front End,0,118808,78668195,2026-04-08,CA - MENTONE,CA,,13378.0,[PREMIUM],,
[PREMIUM],2024,Hyundai,Venue,SEL,SC,Undercarriage,0,36118,78142285,2026-04-01,CA - MENTONE,CA,,16474.0,[PREMIUM],,
[PREMIUM],2024,Hyundai,Elantra,LIMITED,SC,Front End,0,26253,77630495,,CA - MENTONE,CA,,0.0,[PREMIUM],,
[PREMIUM],2025,Kia,Carnival L,LX,SC,Undercarriage,0,68363,77353715,2026-04-01,CA - MENTONE,CA,,17324.0,[PREMIUM],,
[PREMIUM],2018,Mazda,Cx-9,TOURING,SC,Rear End,0,107397,75310075,,CA - MENTONE,CA,,15721.0,[PREMIUM],,
[PREMIUM],2023,Kia,Forte,GT LINE,SC,Rear End,0,75056,74865175,2026-04-08,CA - MENTONE,CA,,16652.0,[PREMIUM],,
[PREMIUM],2019,Audi,A3,PREMIUM,SC,Front End,0,92919,73117345,,CA - MENTONE,CA,,12650.0,[PREMIUM],,
[PREMIUM],2017,Hyundai,Tucson,SPORT,DV,Mechanical,0,92779,46429656,2026-04-08,CA - MENTONE,CA,,0.0,[PREMIUM],,
[PREMIUM],2015,Nissan,Frontier,SV V6,SC,Side,0,150240,46206316,2026-04-01,CA - MENTONE,CA,,10735.0,[PREMIUM],,
[PREMIUM],2016,Ford,All Models,,SC,Front End,0,125865,45526606,,CA - MENTONE,CA,,9334.0,[PREMIUM],,
[PREMIUM],2015,Nissan,Altima,2.5 S,SC,Front End,0,186143,79693995,,CA - REDDING,CA,,8313.0,[PREMIUM],,
[PREMIUM],2017,Honda,Hr-V,LX,SC,Rear End,0,115974,77507575,,CA - REDDING,CA,,11781.0,[PREMIUM],,
[PREMIUM],2020,Ford,Transit,T-250,CT,Minor Dent/Scratches,0,122994,77087355,2026-03-30,MEDIUM DUTY CLEAN TITLE SALE,CA,,1832.0,[PREMIUM],,
[PREMIUM],2022,Freigliner,All Other,,SC,Rollover,0,0,47130106,2026-04-09,HEAVY TRUCK SPECIALTY SALE,CA,,87365.0,[PREMIUM],,
[PREMIUM],2018,Hyundai,Sonata,SEL,SC,Front End,0,104200,46062786,,CA - REDDING,CA,,10419.0,[PREMIUM],,
[PREMIUM],2016,Kia,Soul Base,BASE,DV,Minor Dent/Scratches,0,113091,45481466,2026-04-03,CA - REDDING,CA,,0.0,[PREMIUM],,
